club,Day,series,Fleet,sailNumber,boatName,firstName,lastName,Races,totalPoints,scoringPoints
error: Could not access blank value: Use || to provide a default value for blank fields.  Example: (my_field || 0) + 1,error: Could not access blank value: Use || to provide a default value for blank fields.  Example: (my_field || 0) + 1,error: Could not access blank value: Use || to provide a default value for blank fields.  Example: (my_field || 0) + 1,error: Could not access blank value: Use || to provide a default value for blank fields.  Example: (my_field || 0) + 1,"[{},{},{}]",Nlounge,Honor,Hardaway,error: Could not access blank value: Use || to provide a default value for blank fields.  Example: (my_field || 0) + 1,error: Could not access blank value: Use || to provide a default value for blank fields.  Example: (my_field || 0) + 1,error: Could not access blank value: Use || to provide a default value for blank fields.  Example: (my_field || 0) + 1
error: Could not access blank value: Use || to provide a default value for blank fields.  Example: (my_field || 0) + 1,error: Could not access blank value: Use || to provide a default value for blank fields.  Example: (my_field || 0) + 1,error: Could not access blank value: Use || to provide a default value for blank fields.  Example: (my_field || 0) + 1,error: Could not access blank value: Use || to provide a default value for blank fields.  Example: (my_field || 0) + 1,"[{},{},{},{}]",Kwilith,Roberta,Borrott,error: Could not access blank value: Use || to provide a default value for blank fields.  Example: (my_field || 0) + 1,error: Could not access blank value: Use || to provide a default value for blank fields.  Example: (my_field || 0) + 1,error: Could not access blank value: Use || to provide a default value for blank fields.  Example: (my_field || 0) + 1
error: Could not access blank value: Use || to provide a default value for blank fields.  Example: (my_field || 0) + 1,error: Could not access blank value: Use || to provide a default value for blank fields.  Example: (my_field || 0) + 1,error: Could not access blank value: Use || to provide a default value for blank fields.  Example: (my_field || 0) + 1,error: Could not access blank value: Use || to provide a default value for blank fields.  Example: (my_field || 0) + 1,[{}],Browsecat,Lacy,Dast,error: Could not access blank value: Use || to provide a default value for blank fields.  Example: (my_field || 0) + 1,error: Could not access blank value: Use || to provide a default value for blank fields.  Example: (my_field || 0) + 1,error: Could not access blank value: Use || to provide a default value for blank fields.  Example: (my_field || 0) + 1
error: Could not access blank value: Use || to provide a default value for blank fields.  Example: (my_field || 0) + 1,error: Could not access blank value: Use || to provide a default value for blank fields.  Example: (my_field || 0) + 1,error: Could not access blank value: Use || to provide a default value for blank fields.  Example: (my_field || 0) + 1,error: Could not access blank value: Use || to provide a default value for blank fields.  Example: (my_field || 0) + 1,"[{},{},{},{}]",Omba,Sybyl,Braker,error: Could not access blank value: Use || to provide a default value for blank fields.  Example: (my_field || 0) + 1,error: Could not access blank value: Use || to provide a default value for blank fields.  Example: (my_field || 0) + 1,error: Could not access blank value: Use || to provide a default value for blank fields.  Example: (my_field || 0) + 1
error: Could not access blank value: Use || to provide a default value for blank fields.  Example: (my_field || 0) + 1,error: Could not access blank value: Use || to provide a default value for blank fields.  Example: (my_field || 0) + 1,error: Could not access blank value: Use || to provide a default value for blank fields.  Example: (my_field || 0) + 1,error: Could not access blank value: Use || to provide a default value for blank fields.  Example: (my_field || 0) + 1,"[{},{}]",Kare,Jules,Hoppner,error: Could not access blank value: Use || to provide a default value for blank fields.  Example: (my_field || 0) + 1,error: Could not access blank value: Use || to provide a default value for blank fields.  Example: (my_field || 0) + 1,error: Could not access blank value: Use || to provide a default value for blank fields.  Example: (my_field || 0) + 1
error: Could not access blank value: Use || to provide a default value for blank fields.  Example: (my_field || 0) + 1,error: Could not access blank value: Use || to provide a default value for blank fields.  Example: (my_field || 0) + 1,error: Could not access blank value: Use || to provide a default value for blank fields.  Example: (my_field || 0) + 1,error: Could not access blank value: Use || to provide a default value for blank fields.  Example: (my_field || 0) + 1,"[{},{}]",Kare,Evvie,Scottrell,error: Could not access blank value: Use || to provide a default value for blank fields.  Example: (my_field || 0) + 1,error: Could not access blank value: Use || to provide a default value for blank fields.  Example: (my_field || 0) + 1,error: Could not access blank value: Use || to provide a default value for blank fields.  Example: (my_field || 0) + 1
error: Could not access blank value: Use || to provide a default value for blank fields.  Example: (my_field || 0) + 1,error: Could not access blank value: Use || to provide a default value for blank fields.  Example: (my_field || 0) + 1,error: Could not access blank value: Use || to provide a default value for blank fields.  Example: (my_field || 0) + 1,error: Could not access blank value: Use || to provide a default value for blank fields.  Example: (my_field || 0) + 1,"[{},{}]",Flashspan,Ewan,Salvidge,error: Could not access blank value: Use || to provide a default value for blank fields.  Example: (my_field || 0) + 1,error: Could not access blank value: Use || to provide a default value for blank fields.  Example: (my_field || 0) + 1,error: Could not access blank value: Use || to provide a default value for blank fields.  Example: (my_field || 0) + 1
error: Could not access blank value: Use || to provide a default value for blank fields.  Example: (my_field || 0) + 1,error: Could not access blank value: Use || to provide a default value for blank fields.  Example: (my_field || 0) + 1,error: Could not access blank value: Use || to provide a default value for blank fields.  Example: (my_field || 0) + 1,error: Could not access blank value: Use || to provide a default value for blank fields.  Example: (my_field || 0) + 1,[{}],Chatterbridge,Tanhya,Callf,error: Could not access blank value: Use || to provide a default value for blank fields.  Example: (my_field || 0) + 1,error: Could not access blank value: Use || to provide a default value for blank fields.  Example: (my_field || 0) + 1,error: Could not access blank value: Use || to provide a default value for blank fields.  Example: (my_field || 0) + 1
error: Could not access blank value: Use || to provide a default value for blank fields.  Example: (my_field || 0) + 1,error: Could not access blank value: Use || to provide a default value for blank fields.  Example: (my_field || 0) + 1,error: Could not access blank value: Use || to provide a default value for blank fields.  Example: (my_field || 0) + 1,error: Could not access blank value: Use || to provide a default value for blank fields.  Example: (my_field || 0) + 1,[{}],Agivu,Bette,Pikett,error: Could not access blank value: Use || to provide a default value for blank fields.  Example: (my_field || 0) + 1,error: Could not access blank value: Use || to provide a default value for blank fields.  Example: (my_field || 0) + 1,error: Could not access blank value: Use || to provide a default value for blank fields.  Example: (my_field || 0) + 1
error: Could not access blank value: Use || to provide a default value for blank fields.  Example: (my_field || 0) + 1,error: Could not access blank value: Use || to provide a default value for blank fields.  Example: (my_field || 0) + 1,error: Could not access blank value: Use || to provide a default value for blank fields.  Example: (my_field || 0) + 1,error: Could not access blank value: Use || to provide a default value for blank fields.  Example: (my_field || 0) + 1,"[{},{},{},{},{}]",Skaboo,Falito,Staterfield,error: Could not access blank value: Use || to provide a default value for blank fields.  Example: (my_field || 0) + 1,error: Could not access blank value: Use || to provide a default value for blank fields.  Example: (my_field || 0) + 1,error: Could not access blank value: Use || to provide a default value for blank fields.  Example: (my_field || 0) + 1
error: Could not access blank value: Use || to provide a default value for blank fields.  Example: (my_field || 0) + 1,error: Could not access blank value: Use || to provide a default value for blank fields.  Example: (my_field || 0) + 1,error: Could not access blank value: Use || to provide a default value for blank fields.  Example: (my_field || 0) + 1,error: Could not access blank value: Use || to provide a default value for blank fields.  Example: (my_field || 0) + 1,[{}],Yakijo,Daffi,Rupp,error: Could not access blank value: Use || to provide a default value for blank fields.  Example: (my_field || 0) + 1,error: Could not access blank value: Use || to provide a default value for blank fields.  Example: (my_field || 0) + 1,error: Could not access blank value: Use || to provide a default value for blank fields.  Example: (my_field || 0) + 1
error: Could not access blank value: Use || to provide a default value for blank fields.  Example: (my_field || 0) + 1,error: Could not access blank value: Use || to provide a default value for blank fields.  Example: (my_field || 0) + 1,error: Could not access blank value: Use || to provide a default value for blank fields.  Example: (my_field || 0) + 1,error: Could not access blank value: Use || to provide a default value for blank fields.  Example: (my_field || 0) + 1,"[{},{},{},{}]",Skipstorm,Nedi,Clears,error: Could not access blank value: Use || to provide a default value for blank fields.  Example: (my_field || 0) + 1,error: Could not access blank value: Use || to provide a default value for blank fields.  Example: (my_field || 0) + 1,error: Could not access blank value: Use || to provide a default value for blank fields.  Example: (my_field || 0) + 1
error: Could not access blank value: Use || to provide a default value for blank fields.  Example: (my_field || 0) + 1,error: Could not access blank value: Use || to provide a default value for blank fields.  Example: (my_field || 0) + 1,error: Could not access blank value: Use || to provide a default value for blank fields.  Example: (my_field || 0) + 1,error: Could not access blank value: Use || to provide a default value for blank fields.  Example: (my_field || 0) + 1,"[{},{},{}]",Browsedrive,Reidar,Rains,error: Could not access blank value: Use || to provide a default value for blank fields.  Example: (my_field || 0) + 1,error: Could not access blank value: Use || to provide a default value for blank fields.  Example: (my_field || 0) + 1,error: Could not access blank value: Use || to provide a default value for blank fields.  Example: (my_field || 0) + 1
error: Could not access blank value: Use || to provide a default value for blank fields.  Example: (my_field || 0) + 1,error: Could not access blank value: Use || to provide a default value for blank fields.  Example: (my_field || 0) + 1,error: Could not access blank value: Use || to provide a default value for blank fields.  Example: (my_field || 0) + 1,error: Could not access blank value: Use || to provide a default value for blank fields.  Example: (my_field || 0) + 1,"[{},{},{}]",Twitterlist,Ramsay,Livesley,error: Could not access blank value: Use || to provide a default value for blank fields.  Example: (my_field || 0) + 1,error: Could not access blank value: Use || to provide a default value for blank fields.  Example: (my_field || 0) + 1,error: Could not access blank value: Use || to provide a default value for blank fields.  Example: (my_field || 0) + 1
error: Could not access blank value: Use || to provide a default value for blank fields.  Example: (my_field || 0) + 1,error: Could not access blank value: Use || to provide a default value for blank fields.  Example: (my_field || 0) + 1,error: Could not access blank value: Use || to provide a default value for blank fields.  Example: (my_field || 0) + 1,error: Could not access blank value: Use || to provide a default value for blank fields.  Example: (my_field || 0) + 1,"[{},{},{},{},{}]",Youbridge,Hansiain,Dybald,error: Could not access blank value: Use || to provide a default value for blank fields.  Example: (my_field || 0) + 1,error: Could not access blank value: Use || to provide a default value for blank fields.  Example: (my_field || 0) + 1,error: Could not access blank value: Use || to provide a default value for blank fields.  Example: (my_field || 0) + 1
error: Could not access blank value: Use || to provide a default value for blank fields.  Example: (my_field || 0) + 1,error: Could not access blank value: Use || to provide a default value for blank fields.  Example: (my_field || 0) + 1,error: Could not access blank value: Use || to provide a default value for blank fields.  Example: (my_field || 0) + 1,error: Could not access blank value: Use || to provide a default value for blank fields.  Example: (my_field || 0) + 1,[{}],Mudo,Terri,Manon,error: Could not access blank value: Use || to provide a default value for blank fields.  Example: (my_field || 0) + 1,error: Could not access blank value: Use || to provide a default value for blank fields.  Example: (my_field || 0) + 1,error: Could not access blank value: Use || to provide a default value for blank fields.  Example: (my_field || 0) + 1
error: Could not access blank value: Use || to provide a default value for blank fields.  Example: (my_field || 0) + 1,error: Could not access blank value: Use || to provide a default value for blank fields.  Example: (my_field || 0) + 1,error: Could not access blank value: Use || to provide a default value for blank fields.  Example: (my_field || 0) + 1,error: Could not access blank value: Use || to provide a default value for blank fields.  Example: (my_field || 0) + 1,"[{},{},{}]",Skinix,Rafi,Johanning,error: Could not access blank value: Use || to provide a default value for blank fields.  Example: (my_field || 0) + 1,error: Could not access blank value: Use || to provide a default value for blank fields.  Example: (my_field || 0) + 1,error: Could not access blank value: Use || to provide a default value for blank fields.  Example: (my_field || 0) + 1
error: Could not access blank value: Use || to provide a default value for blank fields.  Example: (my_field || 0) + 1,error: Could not access blank value: Use || to provide a default value for blank fields.  Example: (my_field || 0) + 1,error: Could not access blank value: Use || to provide a default value for blank fields.  Example: (my_field || 0) + 1,error: Could not access blank value: Use || to provide a default value for blank fields.  Example: (my_field || 0) + 1,"[{},{},{}]",Minyx,Valene,Domenge,error: Could not access blank value: Use || to provide a default value for blank fields.  Example: (my_field || 0) + 1,error: Could not access blank value: Use || to provide a default value for blank fields.  Example: (my_field || 0) + 1,error: Could not access blank value: Use || to provide a default value for blank fields.  Example: (my_field || 0) + 1
error: Could not access blank value: Use || to provide a default value for blank fields.  Example: (my_field || 0) + 1,error: Could not access blank value: Use || to provide a default value for blank fields.  Example: (my_field || 0) + 1,error: Could not access blank value: Use || to provide a default value for blank fields.  Example: (my_field || 0) + 1,error: Could not access blank value: Use || to provide a default value for blank fields.  Example: (my_field || 0) + 1,"[{},{},{},{}]",Skidoo,Kimbra,Lundberg,error: Could not access blank value: Use || to provide a default value for blank fields.  Example: (my_field || 0) + 1,error: Could not access blank value: Use || to provide a default value for blank fields.  Example: (my_field || 0) + 1,error: Could not access blank value: Use || to provide a default value for blank fields.  Example: (my_field || 0) + 1
error: Could not access blank value: Use || to provide a default value for blank fields.  Example: (my_field || 0) + 1,error: Could not access blank value: Use || to provide a default value for blank fields.  Example: (my_field || 0) + 1,error: Could not access blank value: Use || to provide a default value for blank fields.  Example: (my_field || 0) + 1,error: Could not access blank value: Use || to provide a default value for blank fields.  Example: (my_field || 0) + 1,"[{},{}]",Skyvu,Burch,Nesbeth,error: Could not access blank value: Use || to provide a default value for blank fields.  Example: (my_field || 0) + 1,error: Could not access blank value: Use || to provide a default value for blank fields.  Example: (my_field || 0) + 1,error: Could not access blank value: Use || to provide a default value for blank fields.  Example: (my_field || 0) + 1
error: Could not access blank value: Use || to provide a default value for blank fields.  Example: (my_field || 0) + 1,error: Could not access blank value: Use || to provide a default value for blank fields.  Example: (my_field || 0) + 1,error: Could not access blank value: Use || to provide a default value for blank fields.  Example: (my_field || 0) + 1,error: Could not access blank value: Use || to provide a default value for blank fields.  Example: (my_field || 0) + 1,"[{},{},{},{},{}]",Linktype,Christel,Loudiane,error: Could not access blank value: Use || to provide a default value for blank fields.  Example: (my_field || 0) + 1,error: Could not access blank value: Use || to provide a default value for blank fields.  Example: (my_field || 0) + 1,error: Could not access blank value: Use || to provide a default value for blank fields.  Example: (my_field || 0) + 1
error: Could not access blank value: Use || to provide a default value for blank fields.  Example: (my_field || 0) + 1,error: Could not access blank value: Use || to provide a default value for blank fields.  Example: (my_field || 0) + 1,error: Could not access blank value: Use || to provide a default value for blank fields.  Example: (my_field || 0) + 1,error: Could not access blank value: Use || to provide a default value for blank fields.  Example: (my_field || 0) + 1,"[{},{},{},{},{}]",Quire,Dorena,Radki,error: Could not access blank value: Use || to provide a default value for blank fields.  Example: (my_field || 0) + 1,error: Could not access blank value: Use || to provide a default value for blank fields.  Example: (my_field || 0) + 1,error: Could not access blank value: Use || to provide a default value for blank fields.  Example: (my_field || 0) + 1
error: Could not access blank value: Use || to provide a default value for blank fields.  Example: (my_field || 0) + 1,error: Could not access blank value: Use || to provide a default value for blank fields.  Example: (my_field || 0) + 1,error: Could not access blank value: Use || to provide a default value for blank fields.  Example: (my_field || 0) + 1,error: Could not access blank value: Use || to provide a default value for blank fields.  Example: (my_field || 0) + 1,"[{},{},{}]",Quimba,Wheeler,Bartul,error: Could not access blank value: Use || to provide a default value for blank fields.  Example: (my_field || 0) + 1,error: Could not access blank value: Use || to provide a default value for blank fields.  Example: (my_field || 0) + 1,error: Could not access blank value: Use || to provide a default value for blank fields.  Example: (my_field || 0) + 1
error: Could not access blank value: Use || to provide a default value for blank fields.  Example: (my_field || 0) + 1,error: Could not access blank value: Use || to provide a default value for blank fields.  Example: (my_field || 0) + 1,error: Could not access blank value: Use || to provide a default value for blank fields.  Example: (my_field || 0) + 1,error: Could not access blank value: Use || to provide a default value for blank fields.  Example: (my_field || 0) + 1,"[{},{},{},{},{}]",Riffwire,Marjorie,Begwell,error: Could not access blank value: Use || to provide a default value for blank fields.  Example: (my_field || 0) + 1,error: Could not access blank value: Use || to provide a default value for blank fields.  Example: (my_field || 0) + 1,error: Could not access blank value: Use || to provide a default value for blank fields.  Example: (my_field || 0) + 1
error: Could not access blank value: Use || to provide a default value for blank fields.  Example: (my_field || 0) + 1,error: Could not access blank value: Use || to provide a default value for blank fields.  Example: (my_field || 0) + 1,error: Could not access blank value: Use || to provide a default value for blank fields.  Example: (my_field || 0) + 1,error: Could not access blank value: Use || to provide a default value for blank fields.  Example: (my_field || 0) + 1,"[{},{},{},{},{}]",Skyble,Randi,Dosdill,error: Could not access blank value: Use || to provide a default value for blank fields.  Example: (my_field || 0) + 1,error: Could not access blank value: Use || to provide a default value for blank fields.  Example: (my_field || 0) + 1,error: Could not access blank value: Use || to provide a default value for blank fields.  Example: (my_field || 0) + 1
error: Could not access blank value: Use || to provide a default value for blank fields.  Example: (my_field || 0) + 1,error: Could not access blank value: Use || to provide a default value for blank fields.  Example: (my_field || 0) + 1,error: Could not access blank value: Use || to provide a default value for blank fields.  Example: (my_field || 0) + 1,error: Could not access blank value: Use || to provide a default value for blank fields.  Example: (my_field || 0) + 1,"[{},{}]",Vidoo,Cecilla,Sapp,error: Could not access blank value: Use || to provide a default value for blank fields.  Example: (my_field || 0) + 1,error: Could not access blank value: Use || to provide a default value for blank fields.  Example: (my_field || 0) + 1,error: Could not access blank value: Use || to provide a default value for blank fields.  Example: (my_field || 0) + 1
error: Could not access blank value: Use || to provide a default value for blank fields.  Example: (my_field || 0) + 1,error: Could not access blank value: Use || to provide a default value for blank fields.  Example: (my_field || 0) + 1,error: Could not access blank value: Use || to provide a default value for blank fields.  Example: (my_field || 0) + 1,error: Could not access blank value: Use || to provide a default value for blank fields.  Example: (my_field || 0) + 1,"[{},{},{},{},{}]",Voomm,Salim,Tuiller,error: Could not access blank value: Use || to provide a default value for blank fields.  Example: (my_field || 0) + 1,error: Could not access blank value: Use || to provide a default value for blank fields.  Example: (my_field || 0) + 1,error: Could not access blank value: Use || to provide a default value for blank fields.  Example: (my_field || 0) + 1
error: Could not access blank value: Use || to provide a default value for blank fields.  Example: (my_field || 0) + 1,error: Could not access blank value: Use || to provide a default value for blank fields.  Example: (my_field || 0) + 1,error: Could not access blank value: Use || to provide a default value for blank fields.  Example: (my_field || 0) + 1,error: Could not access blank value: Use || to provide a default value for blank fields.  Example: (my_field || 0) + 1,[{}],Yakijo,Noe,Carberry,error: Could not access blank value: Use || to provide a default value for blank fields.  Example: (my_field || 0) + 1,error: Could not access blank value: Use || to provide a default value for blank fields.  Example: (my_field || 0) + 1,error: Could not access blank value: Use || to provide a default value for blank fields.  Example: (my_field || 0) + 1
error: Could not access blank value: Use || to provide a default value for blank fields.  Example: (my_field || 0) + 1,error: Could not access blank value: Use || to provide a default value for blank fields.  Example: (my_field || 0) + 1,error: Could not access blank value: Use || to provide a default value for blank fields.  Example: (my_field || 0) + 1,error: Could not access blank value: Use || to provide a default value for blank fields.  Example: (my_field || 0) + 1,"[{},{},{},{},{}]",Myworks,Jada,Coughan,error: Could not access blank value: Use || to provide a default value for blank fields.  Example: (my_field || 0) + 1,error: Could not access blank value: Use || to provide a default value for blank fields.  Example: (my_field || 0) + 1,error: Could not access blank value: Use || to provide a default value for blank fields.  Example: (my_field || 0) + 1
error: Could not access blank value: Use || to provide a default value for blank fields.  Example: (my_field || 0) + 1,error: Could not access blank value: Use || to provide a default value for blank fields.  Example: (my_field || 0) + 1,error: Could not access blank value: Use || to provide a default value for blank fields.  Example: (my_field || 0) + 1,error: Could not access blank value: Use || to provide a default value for blank fields.  Example: (my_field || 0) + 1,"[{},{},{},{},{}]",Jazzy,Kay,Banbury,error: Could not access blank value: Use || to provide a default value for blank fields.  Example: (my_field || 0) + 1,error: Could not access blank value: Use || to provide a default value for blank fields.  Example: (my_field || 0) + 1,error: Could not access blank value: Use || to provide a default value for blank fields.  Example: (my_field || 0) + 1
error: Could not access blank value: Use || to provide a default value for blank fields.  Example: (my_field || 0) + 1,error: Could not access blank value: Use || to provide a default value for blank fields.  Example: (my_field || 0) + 1,error: Could not access blank value: Use || to provide a default value for blank fields.  Example: (my_field || 0) + 1,error: Could not access blank value: Use || to provide a default value for blank fields.  Example: (my_field || 0) + 1,"[{},{},{},{}]",Voomm,Ardelis,Bigham,error: Could not access blank value: Use || to provide a default value for blank fields.  Example: (my_field || 0) + 1,error: Could not access blank value: Use || to provide a default value for blank fields.  Example: (my_field || 0) + 1,error: Could not access blank value: Use || to provide a default value for blank fields.  Example: (my_field || 0) + 1
error: Could not access blank value: Use || to provide a default value for blank fields.  Example: (my_field || 0) + 1,error: Could not access blank value: Use || to provide a default value for blank fields.  Example: (my_field || 0) + 1,error: Could not access blank value: Use || to provide a default value for blank fields.  Example: (my_field || 0) + 1,error: Could not access blank value: Use || to provide a default value for blank fields.  Example: (my_field || 0) + 1,"[{},{},{}]",Jaxspan,Sibyl,Shynn,error: Could not access blank value: Use || to provide a default value for blank fields.  Example: (my_field || 0) + 1,error: Could not access blank value: Use || to provide a default value for blank fields.  Example: (my_field || 0) + 1,error: Could not access blank value: Use || to provide a default value for blank fields.  Example: (my_field || 0) + 1
error: Could not access blank value: Use || to provide a default value for blank fields.  Example: (my_field || 0) + 1,error: Could not access blank value: Use || to provide a default value for blank fields.  Example: (my_field || 0) + 1,error: Could not access blank value: Use || to provide a default value for blank fields.  Example: (my_field || 0) + 1,error: Could not access blank value: Use || to provide a default value for blank fields.  Example: (my_field || 0) + 1,[{}],Katz,Duke,Eacle,error: Could not access blank value: Use || to provide a default value for blank fields.  Example: (my_field || 0) + 1,error: Could not access blank value: Use || to provide a default value for blank fields.  Example: (my_field || 0) + 1,error: Could not access blank value: Use || to provide a default value for blank fields.  Example: (my_field || 0) + 1
error: Could not access blank value: Use || to provide a default value for blank fields.  Example: (my_field || 0) + 1,error: Could not access blank value: Use || to provide a default value for blank fields.  Example: (my_field || 0) + 1,error: Could not access blank value: Use || to provide a default value for blank fields.  Example: (my_field || 0) + 1,error: Could not access blank value: Use || to provide a default value for blank fields.  Example: (my_field || 0) + 1,"[{},{}]",Skyba,Teresina,Janusik,error: Could not access blank value: Use || to provide a default value for blank fields.  Example: (my_field || 0) + 1,error: Could not access blank value: Use || to provide a default value for blank fields.  Example: (my_field || 0) + 1,error: Could not access blank value: Use || to provide a default value for blank fields.  Example: (my_field || 0) + 1
error: Could not access blank value: Use || to provide a default value for blank fields.  Example: (my_field || 0) + 1,error: Could not access blank value: Use || to provide a default value for blank fields.  Example: (my_field || 0) + 1,error: Could not access blank value: Use || to provide a default value for blank fields.  Example: (my_field || 0) + 1,error: Could not access blank value: Use || to provide a default value for blank fields.  Example: (my_field || 0) + 1,[{}],Skyvu,Sapphire,Daviddi,error: Could not access blank value: Use || to provide a default value for blank fields.  Example: (my_field || 0) + 1,error: Could not access blank value: Use || to provide a default value for blank fields.  Example: (my_field || 0) + 1,error: Could not access blank value: Use || to provide a default value for blank fields.  Example: (my_field || 0) + 1
error: Could not access blank value: Use || to provide a default value for blank fields.  Example: (my_field || 0) + 1,error: Could not access blank value: Use || to provide a default value for blank fields.  Example: (my_field || 0) + 1,error: Could not access blank value: Use || to provide a default value for blank fields.  Example: (my_field || 0) + 1,error: Could not access blank value: Use || to provide a default value for blank fields.  Example: (my_field || 0) + 1,"[{},{},{}]",Podcat,Gracia,Marsham,error: Could not access blank value: Use || to provide a default value for blank fields.  Example: (my_field || 0) + 1,error: Could not access blank value: Use || to provide a default value for blank fields.  Example: (my_field || 0) + 1,error: Could not access blank value: Use || to provide a default value for blank fields.  Example: (my_field || 0) + 1
error: Could not access blank value: Use || to provide a default value for blank fields.  Example: (my_field || 0) + 1,error: Could not access blank value: Use || to provide a default value for blank fields.  Example: (my_field || 0) + 1,error: Could not access blank value: Use || to provide a default value for blank fields.  Example: (my_field || 0) + 1,error: Could not access blank value: Use || to provide a default value for blank fields.  Example: (my_field || 0) + 1,[{}],Demizz,Jennine,Orrice,error: Could not access blank value: Use || to provide a default value for blank fields.  Example: (my_field || 0) + 1,error: Could not access blank value: Use || to provide a default value for blank fields.  Example: (my_field || 0) + 1,error: Could not access blank value: Use || to provide a default value for blank fields.  Example: (my_field || 0) + 1
error: Could not access blank value: Use || to provide a default value for blank fields.  Example: (my_field || 0) + 1,error: Could not access blank value: Use || to provide a default value for blank fields.  Example: (my_field || 0) + 1,error: Could not access blank value: Use || to provide a default value for blank fields.  Example: (my_field || 0) + 1,error: Could not access blank value: Use || to provide a default value for blank fields.  Example: (my_field || 0) + 1,"[{},{},{}]",Zoomcast,Elroy,Gambrell,error: Could not access blank value: Use || to provide a default value for blank fields.  Example: (my_field || 0) + 1,error: Could not access blank value: Use || to provide a default value for blank fields.  Example: (my_field || 0) + 1,error: Could not access blank value: Use || to provide a default value for blank fields.  Example: (my_field || 0) + 1
error: Could not access blank value: Use || to provide a default value for blank fields.  Example: (my_field || 0) + 1,error: Could not access blank value: Use || to provide a default value for blank fields.  Example: (my_field || 0) + 1,error: Could not access blank value: Use || to provide a default value for blank fields.  Example: (my_field || 0) + 1,error: Could not access blank value: Use || to provide a default value for blank fields.  Example: (my_field || 0) + 1,"[{},{},{},{},{}]",Kwideo,Archibold,Cawston,error: Could not access blank value: Use || to provide a default value for blank fields.  Example: (my_field || 0) + 1,error: Could not access blank value: Use || to provide a default value for blank fields.  Example: (my_field || 0) + 1,error: Could not access blank value: Use || to provide a default value for blank fields.  Example: (my_field || 0) + 1
error: Could not access blank value: Use || to provide a default value for blank fields.  Example: (my_field || 0) + 1,error: Could not access blank value: Use || to provide a default value for blank fields.  Example: (my_field || 0) + 1,error: Could not access blank value: Use || to provide a default value for blank fields.  Example: (my_field || 0) + 1,error: Could not access blank value: Use || to provide a default value for blank fields.  Example: (my_field || 0) + 1,[{}],Feedfire,Ericha,Mouton,error: Could not access blank value: Use || to provide a default value for blank fields.  Example: (my_field || 0) + 1,error: Could not access blank value: Use || to provide a default value for blank fields.  Example: (my_field || 0) + 1,error: Could not access blank value: Use || to provide a default value for blank fields.  Example: (my_field || 0) + 1
error: Could not access blank value: Use || to provide a default value for blank fields.  Example: (my_field || 0) + 1,error: Could not access blank value: Use || to provide a default value for blank fields.  Example: (my_field || 0) + 1,error: Could not access blank value: Use || to provide a default value for blank fields.  Example: (my_field || 0) + 1,error: Could not access blank value: Use || to provide a default value for blank fields.  Example: (my_field || 0) + 1,"[{},{},{},{},{}]",Fiveclub,Tristam,Milillo,error: Could not access blank value: Use || to provide a default value for blank fields.  Example: (my_field || 0) + 1,error: Could not access blank value: Use || to provide a default value for blank fields.  Example: (my_field || 0) + 1,error: Could not access blank value: Use || to provide a default value for blank fields.  Example: (my_field || 0) + 1
error: Could not access blank value: Use || to provide a default value for blank fields.  Example: (my_field || 0) + 1,error: Could not access blank value: Use || to provide a default value for blank fields.  Example: (my_field || 0) + 1,error: Could not access blank value: Use || to provide a default value for blank fields.  Example: (my_field || 0) + 1,error: Could not access blank value: Use || to provide a default value for blank fields.  Example: (my_field || 0) + 1,"[{},{},{},{}]",Jazzy,Odelinda,De Rye Barrett,error: Could not access blank value: Use || to provide a default value for blank fields.  Example: (my_field || 0) + 1,error: Could not access blank value: Use || to provide a default value for blank fields.  Example: (my_field || 0) + 1,error: Could not access blank value: Use || to provide a default value for blank fields.  Example: (my_field || 0) + 1
error: Could not access blank value: Use || to provide a default value for blank fields.  Example: (my_field || 0) + 1,error: Could not access blank value: Use || to provide a default value for blank fields.  Example: (my_field || 0) + 1,error: Could not access blank value: Use || to provide a default value for blank fields.  Example: (my_field || 0) + 1,error: Could not access blank value: Use || to provide a default value for blank fields.  Example: (my_field || 0) + 1,"[{},{},{}]",Blogtag,Cordelia,Vondrach,error: Could not access blank value: Use || to provide a default value for blank fields.  Example: (my_field || 0) + 1,error: Could not access blank value: Use || to provide a default value for blank fields.  Example: (my_field || 0) + 1,error: Could not access blank value: Use || to provide a default value for blank fields.  Example: (my_field || 0) + 1
error: Could not access blank value: Use || to provide a default value for blank fields.  Example: (my_field || 0) + 1,error: Could not access blank value: Use || to provide a default value for blank fields.  Example: (my_field || 0) + 1,error: Could not access blank value: Use || to provide a default value for blank fields.  Example: (my_field || 0) + 1,error: Could not access blank value: Use || to provide a default value for blank fields.  Example: (my_field || 0) + 1,"[{},{},{}]",Quimm,Velma,Espinas,error: Could not access blank value: Use || to provide a default value for blank fields.  Example: (my_field || 0) + 1,error: Could not access blank value: Use || to provide a default value for blank fields.  Example: (my_field || 0) + 1,error: Could not access blank value: Use || to provide a default value for blank fields.  Example: (my_field || 0) + 1
error: Could not access blank value: Use || to provide a default value for blank fields.  Example: (my_field || 0) + 1,error: Could not access blank value: Use || to provide a default value for blank fields.  Example: (my_field || 0) + 1,error: Could not access blank value: Use || to provide a default value for blank fields.  Example: (my_field || 0) + 1,error: Could not access blank value: Use || to provide a default value for blank fields.  Example: (my_field || 0) + 1,[{}],Yodo,Jamey,Oriel,error: Could not access blank value: Use || to provide a default value for blank fields.  Example: (my_field || 0) + 1,error: Could not access blank value: Use || to provide a default value for blank fields.  Example: (my_field || 0) + 1,error: Could not access blank value: Use || to provide a default value for blank fields.  Example: (my_field || 0) + 1
error: Could not access blank value: Use || to provide a default value for blank fields.  Example: (my_field || 0) + 1,error: Could not access blank value: Use || to provide a default value for blank fields.  Example: (my_field || 0) + 1,error: Could not access blank value: Use || to provide a default value for blank fields.  Example: (my_field || 0) + 1,error: Could not access blank value: Use || to provide a default value for blank fields.  Example: (my_field || 0) + 1,[{}],Zoozzy,Torrin,Mallinder,error: Could not access blank value: Use || to provide a default value for blank fields.  Example: (my_field || 0) + 1,error: Could not access blank value: Use || to provide a default value for blank fields.  Example: (my_field || 0) + 1,error: Could not access blank value: Use || to provide a default value for blank fields.  Example: (my_field || 0) + 1
error: Could not access blank value: Use || to provide a default value for blank fields.  Example: (my_field || 0) + 1,error: Could not access blank value: Use || to provide a default value for blank fields.  Example: (my_field || 0) + 1,error: Could not access blank value: Use || to provide a default value for blank fields.  Example: (my_field || 0) + 1,error: Could not access blank value: Use || to provide a default value for blank fields.  Example: (my_field || 0) + 1,"[{},{}]",Youtags,Tanney,Isaacson,error: Could not access blank value: Use || to provide a default value for blank fields.  Example: (my_field || 0) + 1,error: Could not access blank value: Use || to provide a default value for blank fields.  Example: (my_field || 0) + 1,error: Could not access blank value: Use || to provide a default value for blank fields.  Example: (my_field || 0) + 1
error: Could not access blank value: Use || to provide a default value for blank fields.  Example: (my_field || 0) + 1,error: Could not access blank value: Use || to provide a default value for blank fields.  Example: (my_field || 0) + 1,error: Could not access blank value: Use || to provide a default value for blank fields.  Example: (my_field || 0) + 1,error: Could not access blank value: Use || to provide a default value for blank fields.  Example: (my_field || 0) + 1,"[{},{},{},{},{}]",Skalith,Gaylor,Kettley,error: Could not access blank value: Use || to provide a default value for blank fields.  Example: (my_field || 0) + 1,error: Could not access blank value: Use || to provide a default value for blank fields.  Example: (my_field || 0) + 1,error: Could not access blank value: Use || to provide a default value for blank fields.  Example: (my_field || 0) + 1
error: Could not access blank value: Use || to provide a default value for blank fields.  Example: (my_field || 0) + 1,error: Could not access blank value: Use || to provide a default value for blank fields.  Example: (my_field || 0) + 1,error: Could not access blank value: Use || to provide a default value for blank fields.  Example: (my_field || 0) + 1,error: Could not access blank value: Use || to provide a default value for blank fields.  Example: (my_field || 0) + 1,[{}],Edgeclub,Adams,Feltham,error: Could not access blank value: Use || to provide a default value for blank fields.  Example: (my_field || 0) + 1,error: Could not access blank value: Use || to provide a default value for blank fields.  Example: (my_field || 0) + 1,error: Could not access blank value: Use || to provide a default value for blank fields.  Example: (my_field || 0) + 1
error: Could not access blank value: Use || to provide a default value for blank fields.  Example: (my_field || 0) + 1,error: Could not access blank value: Use || to provide a default value for blank fields.  Example: (my_field || 0) + 1,error: Could not access blank value: Use || to provide a default value for blank fields.  Example: (my_field || 0) + 1,error: Could not access blank value: Use || to provide a default value for blank fields.  Example: (my_field || 0) + 1,[{}],Linkbridge,Alasteir,Trodden,error: Could not access blank value: Use || to provide a default value for blank fields.  Example: (my_field || 0) + 1,error: Could not access blank value: Use || to provide a default value for blank fields.  Example: (my_field || 0) + 1,error: Could not access blank value: Use || to provide a default value for blank fields.  Example: (my_field || 0) + 1
error: Could not access blank value: Use || to provide a default value for blank fields.  Example: (my_field || 0) + 1,error: Could not access blank value: Use || to provide a default value for blank fields.  Example: (my_field || 0) + 1,error: Could not access blank value: Use || to provide a default value for blank fields.  Example: (my_field || 0) + 1,error: Could not access blank value: Use || to provide a default value for blank fields.  Example: (my_field || 0) + 1,"[{},{},{},{},{}]",Eadel,Sebastiano,Samarth,error: Could not access blank value: Use || to provide a default value for blank fields.  Example: (my_field || 0) + 1,error: Could not access blank value: Use || to provide a default value for blank fields.  Example: (my_field || 0) + 1,error: Could not access blank value: Use || to provide a default value for blank fields.  Example: (my_field || 0) + 1
error: Could not access blank value: Use || to provide a default value for blank fields.  Example: (my_field || 0) + 1,error: Could not access blank value: Use || to provide a default value for blank fields.  Example: (my_field || 0) + 1,error: Could not access blank value: Use || to provide a default value for blank fields.  Example: (my_field || 0) + 1,error: Could not access blank value: Use || to provide a default value for blank fields.  Example: (my_field || 0) + 1,"[{},{},{},{}]",Browsetype,Leonerd,Dowrey,error: Could not access blank value: Use || to provide a default value for blank fields.  Example: (my_field || 0) + 1,error: Could not access blank value: Use || to provide a default value for blank fields.  Example: (my_field || 0) + 1,error: Could not access blank value: Use || to provide a default value for blank fields.  Example: (my_field || 0) + 1
error: Could not access blank value: Use || to provide a default value for blank fields.  Example: (my_field || 0) + 1,error: Could not access blank value: Use || to provide a default value for blank fields.  Example: (my_field || 0) + 1,error: Could not access blank value: Use || to provide a default value for blank fields.  Example: (my_field || 0) + 1,error: Could not access blank value: Use || to provide a default value for blank fields.  Example: (my_field || 0) + 1,"[{},{},{},{},{}]",Livefish,Michele,Pioch,error: Could not access blank value: Use || to provide a default value for blank fields.  Example: (my_field || 0) + 1,error: Could not access blank value: Use || to provide a default value for blank fields.  Example: (my_field || 0) + 1,error: Could not access blank value: Use || to provide a default value for blank fields.  Example: (my_field || 0) + 1
error: Could not access blank value: Use || to provide a default value for blank fields.  Example: (my_field || 0) + 1,error: Could not access blank value: Use || to provide a default value for blank fields.  Example: (my_field || 0) + 1,error: Could not access blank value: Use || to provide a default value for blank fields.  Example: (my_field || 0) + 1,error: Could not access blank value: Use || to provide a default value for blank fields.  Example: (my_field || 0) + 1,"[{},{},{},{},{}]",Voolith,Shae,Breddy,error: Could not access blank value: Use || to provide a default value for blank fields.  Example: (my_field || 0) + 1,error: Could not access blank value: Use || to provide a default value for blank fields.  Example: (my_field || 0) + 1,error: Could not access blank value: Use || to provide a default value for blank fields.  Example: (my_field || 0) + 1
error: Could not access blank value: Use || to provide a default value for blank fields.  Example: (my_field || 0) + 1,error: Could not access blank value: Use || to provide a default value for blank fields.  Example: (my_field || 0) + 1,error: Could not access blank value: Use || to provide a default value for blank fields.  Example: (my_field || 0) + 1,error: Could not access blank value: Use || to provide a default value for blank fields.  Example: (my_field || 0) + 1,[{}],Livetube,Adelaida,Cordsen,error: Could not access blank value: Use || to provide a default value for blank fields.  Example: (my_field || 0) + 1,error: Could not access blank value: Use || to provide a default value for blank fields.  Example: (my_field || 0) + 1,error: Could not access blank value: Use || to provide a default value for blank fields.  Example: (my_field || 0) + 1
error: Could not access blank value: Use || to provide a default value for blank fields.  Example: (my_field || 0) + 1,error: Could not access blank value: Use || to provide a default value for blank fields.  Example: (my_field || 0) + 1,error: Could not access blank value: Use || to provide a default value for blank fields.  Example: (my_field || 0) + 1,error: Could not access blank value: Use || to provide a default value for blank fields.  Example: (my_field || 0) + 1,"[{},{},{}]",Skyble,Wernher,Lippi,error: Could not access blank value: Use || to provide a default value for blank fields.  Example: (my_field || 0) + 1,error: Could not access blank value: Use || to provide a default value for blank fields.  Example: (my_field || 0) + 1,error: Could not access blank value: Use || to provide a default value for blank fields.  Example: (my_field || 0) + 1
error: Could not access blank value: Use || to provide a default value for blank fields.  Example: (my_field || 0) + 1,error: Could not access blank value: Use || to provide a default value for blank fields.  Example: (my_field || 0) + 1,error: Could not access blank value: Use || to provide a default value for blank fields.  Example: (my_field || 0) + 1,error: Could not access blank value: Use || to provide a default value for blank fields.  Example: (my_field || 0) + 1,"[{},{},{},{}]",Cogidoo,Sheena,Kearley,error: Could not access blank value: Use || to provide a default value for blank fields.  Example: (my_field || 0) + 1,error: Could not access blank value: Use || to provide a default value for blank fields.  Example: (my_field || 0) + 1,error: Could not access blank value: Use || to provide a default value for blank fields.  Example: (my_field || 0) + 1
error: Could not access blank value: Use || to provide a default value for blank fields.  Example: (my_field || 0) + 1,error: Could not access blank value: Use || to provide a default value for blank fields.  Example: (my_field || 0) + 1,error: Could not access blank value: Use || to provide a default value for blank fields.  Example: (my_field || 0) + 1,error: Could not access blank value: Use || to provide a default value for blank fields.  Example: (my_field || 0) + 1,[{}],Gigazoom,Robinson,Maywood,error: Could not access blank value: Use || to provide a default value for blank fields.  Example: (my_field || 0) + 1,error: Could not access blank value: Use || to provide a default value for blank fields.  Example: (my_field || 0) + 1,error: Could not access blank value: Use || to provide a default value for blank fields.  Example: (my_field || 0) + 1
error: Could not access blank value: Use || to provide a default value for blank fields.  Example: (my_field || 0) + 1,error: Could not access blank value: Use || to provide a default value for blank fields.  Example: (my_field || 0) + 1,error: Could not access blank value: Use || to provide a default value for blank fields.  Example: (my_field || 0) + 1,error: Could not access blank value: Use || to provide a default value for blank fields.  Example: (my_field || 0) + 1,"[{},{},{},{},{}]",Livetube,Geordie,Ianittello,error: Could not access blank value: Use || to provide a default value for blank fields.  Example: (my_field || 0) + 1,error: Could not access blank value: Use || to provide a default value for blank fields.  Example: (my_field || 0) + 1,error: Could not access blank value: Use || to provide a default value for blank fields.  Example: (my_field || 0) + 1
error: Could not access blank value: Use || to provide a default value for blank fields.  Example: (my_field || 0) + 1,error: Could not access blank value: Use || to provide a default value for blank fields.  Example: (my_field || 0) + 1,error: Could not access blank value: Use || to provide a default value for blank fields.  Example: (my_field || 0) + 1,error: Could not access blank value: Use || to provide a default value for blank fields.  Example: (my_field || 0) + 1,"[{},{},{},{}]",Shuffletag,Eddie,Kidsley,error: Could not access blank value: Use || to provide a default value for blank fields.  Example: (my_field || 0) + 1,error: Could not access blank value: Use || to provide a default value for blank fields.  Example: (my_field || 0) + 1,error: Could not access blank value: Use || to provide a default value for blank fields.  Example: (my_field || 0) + 1
error: Could not access blank value: Use || to provide a default value for blank fields.  Example: (my_field || 0) + 1,error: Could not access blank value: Use || to provide a default value for blank fields.  Example: (my_field || 0) + 1,error: Could not access blank value: Use || to provide a default value for blank fields.  Example: (my_field || 0) + 1,error: Could not access blank value: Use || to provide a default value for blank fields.  Example: (my_field || 0) + 1,"[{},{},{},{}]",Jayo,Latrina,Dumbleton,error: Could not access blank value: Use || to provide a default value for blank fields.  Example: (my_field || 0) + 1,error: Could not access blank value: Use || to provide a default value for blank fields.  Example: (my_field || 0) + 1,error: Could not access blank value: Use || to provide a default value for blank fields.  Example: (my_field || 0) + 1
error: Could not access blank value: Use || to provide a default value for blank fields.  Example: (my_field || 0) + 1,error: Could not access blank value: Use || to provide a default value for blank fields.  Example: (my_field || 0) + 1,error: Could not access blank value: Use || to provide a default value for blank fields.  Example: (my_field || 0) + 1,error: Could not access blank value: Use || to provide a default value for blank fields.  Example: (my_field || 0) + 1,"[{},{},{},{}]",Twitternation,Cyrille,Gres,error: Could not access blank value: Use || to provide a default value for blank fields.  Example: (my_field || 0) + 1,error: Could not access blank value: Use || to provide a default value for blank fields.  Example: (my_field || 0) + 1,error: Could not access blank value: Use || to provide a default value for blank fields.  Example: (my_field || 0) + 1
error: Could not access blank value: Use || to provide a default value for blank fields.  Example: (my_field || 0) + 1,error: Could not access blank value: Use || to provide a default value for blank fields.  Example: (my_field || 0) + 1,error: Could not access blank value: Use || to provide a default value for blank fields.  Example: (my_field || 0) + 1,error: Could not access blank value: Use || to provide a default value for blank fields.  Example: (my_field || 0) + 1,"[{},{},{},{},{}]",Skidoo,Magdalen,Rimmington,error: Could not access blank value: Use || to provide a default value for blank fields.  Example: (my_field || 0) + 1,error: Could not access blank value: Use || to provide a default value for blank fields.  Example: (my_field || 0) + 1,error: Could not access blank value: Use || to provide a default value for blank fields.  Example: (my_field || 0) + 1
error: Could not access blank value: Use || to provide a default value for blank fields.  Example: (my_field || 0) + 1,error: Could not access blank value: Use || to provide a default value for blank fields.  Example: (my_field || 0) + 1,error: Could not access blank value: Use || to provide a default value for blank fields.  Example: (my_field || 0) + 1,error: Could not access blank value: Use || to provide a default value for blank fields.  Example: (my_field || 0) + 1,"[{},{},{}]",Eare,Brittne,Garrison,error: Could not access blank value: Use || to provide a default value for blank fields.  Example: (my_field || 0) + 1,error: Could not access blank value: Use || to provide a default value for blank fields.  Example: (my_field || 0) + 1,error: Could not access blank value: Use || to provide a default value for blank fields.  Example: (my_field || 0) + 1
error: Could not access blank value: Use || to provide a default value for blank fields.  Example: (my_field || 0) + 1,error: Could not access blank value: Use || to provide a default value for blank fields.  Example: (my_field || 0) + 1,error: Could not access blank value: Use || to provide a default value for blank fields.  Example: (my_field || 0) + 1,error: Could not access blank value: Use || to provide a default value for blank fields.  Example: (my_field || 0) + 1,[{}],Mycat,Perice,Itzkovsky,error: Could not access blank value: Use || to provide a default value for blank fields.  Example: (my_field || 0) + 1,error: Could not access blank value: Use || to provide a default value for blank fields.  Example: (my_field || 0) + 1,error: Could not access blank value: Use || to provide a default value for blank fields.  Example: (my_field || 0) + 1
error: Could not access blank value: Use || to provide a default value for blank fields.  Example: (my_field || 0) + 1,error: Could not access blank value: Use || to provide a default value for blank fields.  Example: (my_field || 0) + 1,error: Could not access blank value: Use || to provide a default value for blank fields.  Example: (my_field || 0) + 1,error: Could not access blank value: Use || to provide a default value for blank fields.  Example: (my_field || 0) + 1,"[{},{}]",Bluezoom,Erskine,Crysell,error: Could not access blank value: Use || to provide a default value for blank fields.  Example: (my_field || 0) + 1,error: Could not access blank value: Use || to provide a default value for blank fields.  Example: (my_field || 0) + 1,error: Could not access blank value: Use || to provide a default value for blank fields.  Example: (my_field || 0) + 1
error: Could not access blank value: Use || to provide a default value for blank fields.  Example: (my_field || 0) + 1,error: Could not access blank value: Use || to provide a default value for blank fields.  Example: (my_field || 0) + 1,error: Could not access blank value: Use || to provide a default value for blank fields.  Example: (my_field || 0) + 1,error: Could not access blank value: Use || to provide a default value for blank fields.  Example: (my_field || 0) + 1,"[{},{},{},{}]",Innotype,Alvis,Whyteman,error: Could not access blank value: Use || to provide a default value for blank fields.  Example: (my_field || 0) + 1,error: Could not access blank value: Use || to provide a default value for blank fields.  Example: (my_field || 0) + 1,error: Could not access blank value: Use || to provide a default value for blank fields.  Example: (my_field || 0) + 1
error: Could not access blank value: Use || to provide a default value for blank fields.  Example: (my_field || 0) + 1,error: Could not access blank value: Use || to provide a default value for blank fields.  Example: (my_field || 0) + 1,error: Could not access blank value: Use || to provide a default value for blank fields.  Example: (my_field || 0) + 1,error: Could not access blank value: Use || to provide a default value for blank fields.  Example: (my_field || 0) + 1,"[{},{}]",Jabbersphere,Maud,Emanuelli,error: Could not access blank value: Use || to provide a default value for blank fields.  Example: (my_field || 0) + 1,error: Could not access blank value: Use || to provide a default value for blank fields.  Example: (my_field || 0) + 1,error: Could not access blank value: Use || to provide a default value for blank fields.  Example: (my_field || 0) + 1
error: Could not access blank value: Use || to provide a default value for blank fields.  Example: (my_field || 0) + 1,error: Could not access blank value: Use || to provide a default value for blank fields.  Example: (my_field || 0) + 1,error: Could not access blank value: Use || to provide a default value for blank fields.  Example: (my_field || 0) + 1,error: Could not access blank value: Use || to provide a default value for blank fields.  Example: (my_field || 0) + 1,[{}],Topicstorm,Jocko,Olyff,error: Could not access blank value: Use || to provide a default value for blank fields.  Example: (my_field || 0) + 1,error: Could not access blank value: Use || to provide a default value for blank fields.  Example: (my_field || 0) + 1,error: Could not access blank value: Use || to provide a default value for blank fields.  Example: (my_field || 0) + 1
error: Could not access blank value: Use || to provide a default value for blank fields.  Example: (my_field || 0) + 1,error: Could not access blank value: Use || to provide a default value for blank fields.  Example: (my_field || 0) + 1,error: Could not access blank value: Use || to provide a default value for blank fields.  Example: (my_field || 0) + 1,error: Could not access blank value: Use || to provide a default value for blank fields.  Example: (my_field || 0) + 1,"[{},{}]",Twitterbeat,Carolyn,Fowley,error: Could not access blank value: Use || to provide a default value for blank fields.  Example: (my_field || 0) + 1,error: Could not access blank value: Use || to provide a default value for blank fields.  Example: (my_field || 0) + 1,error: Could not access blank value: Use || to provide a default value for blank fields.  Example: (my_field || 0) + 1
error: Could not access blank value: Use || to provide a default value for blank fields.  Example: (my_field || 0) + 1,error: Could not access blank value: Use || to provide a default value for blank fields.  Example: (my_field || 0) + 1,error: Could not access blank value: Use || to provide a default value for blank fields.  Example: (my_field || 0) + 1,error: Could not access blank value: Use || to provide a default value for blank fields.  Example: (my_field || 0) + 1,"[{},{},{},{},{}]",Photolist,Benjamin,Shade,error: Could not access blank value: Use || to provide a default value for blank fields.  Example: (my_field || 0) + 1,error: Could not access blank value: Use || to provide a default value for blank fields.  Example: (my_field || 0) + 1,error: Could not access blank value: Use || to provide a default value for blank fields.  Example: (my_field || 0) + 1
error: Could not access blank value: Use || to provide a default value for blank fields.  Example: (my_field || 0) + 1,error: Could not access blank value: Use || to provide a default value for blank fields.  Example: (my_field || 0) + 1,error: Could not access blank value: Use || to provide a default value for blank fields.  Example: (my_field || 0) + 1,error: Could not access blank value: Use || to provide a default value for blank fields.  Example: (my_field || 0) + 1,"[{},{},{},{}]",Meemm,Danya,Durkin,error: Could not access blank value: Use || to provide a default value for blank fields.  Example: (my_field || 0) + 1,error: Could not access blank value: Use || to provide a default value for blank fields.  Example: (my_field || 0) + 1,error: Could not access blank value: Use || to provide a default value for blank fields.  Example: (my_field || 0) + 1
error: Could not access blank value: Use || to provide a default value for blank fields.  Example: (my_field || 0) + 1,error: Could not access blank value: Use || to provide a default value for blank fields.  Example: (my_field || 0) + 1,error: Could not access blank value: Use || to provide a default value for blank fields.  Example: (my_field || 0) + 1,error: Could not access blank value: Use || to provide a default value for blank fields.  Example: (my_field || 0) + 1,"[{},{}]",Tanoodle,Bailey,Vouls,error: Could not access blank value: Use || to provide a default value for blank fields.  Example: (my_field || 0) + 1,error: Could not access blank value: Use || to provide a default value for blank fields.  Example: (my_field || 0) + 1,error: Could not access blank value: Use || to provide a default value for blank fields.  Example: (my_field || 0) + 1
error: Could not access blank value: Use || to provide a default value for blank fields.  Example: (my_field || 0) + 1,error: Could not access blank value: Use || to provide a default value for blank fields.  Example: (my_field || 0) + 1,error: Could not access blank value: Use || to provide a default value for blank fields.  Example: (my_field || 0) + 1,error: Could not access blank value: Use || to provide a default value for blank fields.  Example: (my_field || 0) + 1,"[{},{},{}]",Flipopia,Janel,Baldcock,error: Could not access blank value: Use || to provide a default value for blank fields.  Example: (my_field || 0) + 1,error: Could not access blank value: Use || to provide a default value for blank fields.  Example: (my_field || 0) + 1,error: Could not access blank value: Use || to provide a default value for blank fields.  Example: (my_field || 0) + 1
error: Could not access blank value: Use || to provide a default value for blank fields.  Example: (my_field || 0) + 1,error: Could not access blank value: Use || to provide a default value for blank fields.  Example: (my_field || 0) + 1,error: Could not access blank value: Use || to provide a default value for blank fields.  Example: (my_field || 0) + 1,error: Could not access blank value: Use || to provide a default value for blank fields.  Example: (my_field || 0) + 1,"[{},{}]",Thoughtsphere,Joseph,Boughtflower,error: Could not access blank value: Use || to provide a default value for blank fields.  Example: (my_field || 0) + 1,error: Could not access blank value: Use || to provide a default value for blank fields.  Example: (my_field || 0) + 1,error: Could not access blank value: Use || to provide a default value for blank fields.  Example: (my_field || 0) + 1
error: Could not access blank value: Use || to provide a default value for blank fields.  Example: (my_field || 0) + 1,error: Could not access blank value: Use || to provide a default value for blank fields.  Example: (my_field || 0) + 1,error: Could not access blank value: Use || to provide a default value for blank fields.  Example: (my_field || 0) + 1,error: Could not access blank value: Use || to provide a default value for blank fields.  Example: (my_field || 0) + 1,"[{},{},{}]",Topicblab,Rob,Anelay,error: Could not access blank value: Use || to provide a default value for blank fields.  Example: (my_field || 0) + 1,error: Could not access blank value: Use || to provide a default value for blank fields.  Example: (my_field || 0) + 1,error: Could not access blank value: Use || to provide a default value for blank fields.  Example: (my_field || 0) + 1
error: Could not access blank value: Use || to provide a default value for blank fields.  Example: (my_field || 0) + 1,error: Could not access blank value: Use || to provide a default value for blank fields.  Example: (my_field || 0) + 1,error: Could not access blank value: Use || to provide a default value for blank fields.  Example: (my_field || 0) + 1,error: Could not access blank value: Use || to provide a default value for blank fields.  Example: (my_field || 0) + 1,"[{},{},{},{},{}]",Gabspot,Emmet,Ligoe,error: Could not access blank value: Use || to provide a default value for blank fields.  Example: (my_field || 0) + 1,error: Could not access blank value: Use || to provide a default value for blank fields.  Example: (my_field || 0) + 1,error: Could not access blank value: Use || to provide a default value for blank fields.  Example: (my_field || 0) + 1
error: Could not access blank value: Use || to provide a default value for blank fields.  Example: (my_field || 0) + 1,error: Could not access blank value: Use || to provide a default value for blank fields.  Example: (my_field || 0) + 1,error: Could not access blank value: Use || to provide a default value for blank fields.  Example: (my_field || 0) + 1,error: Could not access blank value: Use || to provide a default value for blank fields.  Example: (my_field || 0) + 1,"[{},{},{}]",Photojam,Tobey,Alred,error: Could not access blank value: Use || to provide a default value for blank fields.  Example: (my_field || 0) + 1,error: Could not access blank value: Use || to provide a default value for blank fields.  Example: (my_field || 0) + 1,error: Could not access blank value: Use || to provide a default value for blank fields.  Example: (my_field || 0) + 1
error: Could not access blank value: Use || to provide a default value for blank fields.  Example: (my_field || 0) + 1,error: Could not access blank value: Use || to provide a default value for blank fields.  Example: (my_field || 0) + 1,error: Could not access blank value: Use || to provide a default value for blank fields.  Example: (my_field || 0) + 1,error: Could not access blank value: Use || to provide a default value for blank fields.  Example: (my_field || 0) + 1,[{}],Quimba,Dionisio,Jewise,error: Could not access blank value: Use || to provide a default value for blank fields.  Example: (my_field || 0) + 1,error: Could not access blank value: Use || to provide a default value for blank fields.  Example: (my_field || 0) + 1,error: Could not access blank value: Use || to provide a default value for blank fields.  Example: (my_field || 0) + 1
error: Could not access blank value: Use || to provide a default value for blank fields.  Example: (my_field || 0) + 1,error: Could not access blank value: Use || to provide a default value for blank fields.  Example: (my_field || 0) + 1,error: Could not access blank value: Use || to provide a default value for blank fields.  Example: (my_field || 0) + 1,error: Could not access blank value: Use || to provide a default value for blank fields.  Example: (my_field || 0) + 1,"[{},{},{}]",Voomm,Colas,Rennison,error: Could not access blank value: Use || to provide a default value for blank fields.  Example: (my_field || 0) + 1,error: Could not access blank value: Use || to provide a default value for blank fields.  Example: (my_field || 0) + 1,error: Could not access blank value: Use || to provide a default value for blank fields.  Example: (my_field || 0) + 1
error: Could not access blank value: Use || to provide a default value for blank fields.  Example: (my_field || 0) + 1,error: Could not access blank value: Use || to provide a default value for blank fields.  Example: (my_field || 0) + 1,error: Could not access blank value: Use || to provide a default value for blank fields.  Example: (my_field || 0) + 1,error: Could not access blank value: Use || to provide a default value for blank fields.  Example: (my_field || 0) + 1,"[{},{}]",Rhynoodle,Dulcea,Pyle,error: Could not access blank value: Use || to provide a default value for blank fields.  Example: (my_field || 0) + 1,error: Could not access blank value: Use || to provide a default value for blank fields.  Example: (my_field || 0) + 1,error: Could not access blank value: Use || to provide a default value for blank fields.  Example: (my_field || 0) + 1
error: Could not access blank value: Use || to provide a default value for blank fields.  Example: (my_field || 0) + 1,error: Could not access blank value: Use || to provide a default value for blank fields.  Example: (my_field || 0) + 1,error: Could not access blank value: Use || to provide a default value for blank fields.  Example: (my_field || 0) + 1,error: Could not access blank value: Use || to provide a default value for blank fields.  Example: (my_field || 0) + 1,"[{},{}]",Avamba,Dino,Grout,error: Could not access blank value: Use || to provide a default value for blank fields.  Example: (my_field || 0) + 1,error: Could not access blank value: Use || to provide a default value for blank fields.  Example: (my_field || 0) + 1,error: Could not access blank value: Use || to provide a default value for blank fields.  Example: (my_field || 0) + 1
error: Could not access blank value: Use || to provide a default value for blank fields.  Example: (my_field || 0) + 1,error: Could not access blank value: Use || to provide a default value for blank fields.  Example: (my_field || 0) + 1,error: Could not access blank value: Use || to provide a default value for blank fields.  Example: (my_field || 0) + 1,error: Could not access blank value: Use || to provide a default value for blank fields.  Example: (my_field || 0) + 1,"[{},{}]",Jamia,Lalo,Lambswood,error: Could not access blank value: Use || to provide a default value for blank fields.  Example: (my_field || 0) + 1,error: Could not access blank value: Use || to provide a default value for blank fields.  Example: (my_field || 0) + 1,error: Could not access blank value: Use || to provide a default value for blank fields.  Example: (my_field || 0) + 1
error: Could not access blank value: Use || to provide a default value for blank fields.  Example: (my_field || 0) + 1,error: Could not access blank value: Use || to provide a default value for blank fields.  Example: (my_field || 0) + 1,error: Could not access blank value: Use || to provide a default value for blank fields.  Example: (my_field || 0) + 1,error: Could not access blank value: Use || to provide a default value for blank fields.  Example: (my_field || 0) + 1,"[{},{},{},{}]",Trudeo,Charline,Fewless,error: Could not access blank value: Use || to provide a default value for blank fields.  Example: (my_field || 0) + 1,error: Could not access blank value: Use || to provide a default value for blank fields.  Example: (my_field || 0) + 1,error: Could not access blank value: Use || to provide a default value for blank fields.  Example: (my_field || 0) + 1
error: Could not access blank value: Use || to provide a default value for blank fields.  Example: (my_field || 0) + 1,error: Could not access blank value: Use || to provide a default value for blank fields.  Example: (my_field || 0) + 1,error: Could not access blank value: Use || to provide a default value for blank fields.  Example: (my_field || 0) + 1,error: Could not access blank value: Use || to provide a default value for blank fields.  Example: (my_field || 0) + 1,"[{},{},{},{},{}]",Realcube,Benedikt,Jeffryes,error: Could not access blank value: Use || to provide a default value for blank fields.  Example: (my_field || 0) + 1,error: Could not access blank value: Use || to provide a default value for blank fields.  Example: (my_field || 0) + 1,error: Could not access blank value: Use || to provide a default value for blank fields.  Example: (my_field || 0) + 1
error: Could not access blank value: Use || to provide a default value for blank fields.  Example: (my_field || 0) + 1,error: Could not access blank value: Use || to provide a default value for blank fields.  Example: (my_field || 0) + 1,error: Could not access blank value: Use || to provide a default value for blank fields.  Example: (my_field || 0) + 1,error: Could not access blank value: Use || to provide a default value for blank fields.  Example: (my_field || 0) + 1,"[{},{},{}]",Flashset,Gibby,Binch,error: Could not access blank value: Use || to provide a default value for blank fields.  Example: (my_field || 0) + 1,error: Could not access blank value: Use || to provide a default value for blank fields.  Example: (my_field || 0) + 1,error: Could not access blank value: Use || to provide a default value for blank fields.  Example: (my_field || 0) + 1
error: Could not access blank value: Use || to provide a default value for blank fields.  Example: (my_field || 0) + 1,error: Could not access blank value: Use || to provide a default value for blank fields.  Example: (my_field || 0) + 1,error: Could not access blank value: Use || to provide a default value for blank fields.  Example: (my_field || 0) + 1,error: Could not access blank value: Use || to provide a default value for blank fields.  Example: (my_field || 0) + 1,"[{},{},{},{},{}]",Agivu,Johna,Volette,error: Could not access blank value: Use || to provide a default value for blank fields.  Example: (my_field || 0) + 1,error: Could not access blank value: Use || to provide a default value for blank fields.  Example: (my_field || 0) + 1,error: Could not access blank value: Use || to provide a default value for blank fields.  Example: (my_field || 0) + 1
error: Could not access blank value: Use || to provide a default value for blank fields.  Example: (my_field || 0) + 1,error: Could not access blank value: Use || to provide a default value for blank fields.  Example: (my_field || 0) + 1,error: Could not access blank value: Use || to provide a default value for blank fields.  Example: (my_field || 0) + 1,error: Could not access blank value: Use || to provide a default value for blank fields.  Example: (my_field || 0) + 1,"[{},{},{},{}]",Plajo,Kaile,Fewster,error: Could not access blank value: Use || to provide a default value for blank fields.  Example: (my_field || 0) + 1,error: Could not access blank value: Use || to provide a default value for blank fields.  Example: (my_field || 0) + 1,error: Could not access blank value: Use || to provide a default value for blank fields.  Example: (my_field || 0) + 1
error: Could not access blank value: Use || to provide a default value for blank fields.  Example: (my_field || 0) + 1,error: Could not access blank value: Use || to provide a default value for blank fields.  Example: (my_field || 0) + 1,error: Could not access blank value: Use || to provide a default value for blank fields.  Example: (my_field || 0) + 1,error: Could not access blank value: Use || to provide a default value for blank fields.  Example: (my_field || 0) + 1,"[{},{}]",Agimba,Davie,Kmiec,error: Could not access blank value: Use || to provide a default value for blank fields.  Example: (my_field || 0) + 1,error: Could not access blank value: Use || to provide a default value for blank fields.  Example: (my_field || 0) + 1,error: Could not access blank value: Use || to provide a default value for blank fields.  Example: (my_field || 0) + 1
error: Could not access blank value: Use || to provide a default value for blank fields.  Example: (my_field || 0) + 1,error: Could not access blank value: Use || to provide a default value for blank fields.  Example: (my_field || 0) + 1,error: Could not access blank value: Use || to provide a default value for blank fields.  Example: (my_field || 0) + 1,error: Could not access blank value: Use || to provide a default value for blank fields.  Example: (my_field || 0) + 1,"[{},{},{}]",Zoomcast,Eada,Mendonca,error: Could not access blank value: Use || to provide a default value for blank fields.  Example: (my_field || 0) + 1,error: Could not access blank value: Use || to provide a default value for blank fields.  Example: (my_field || 0) + 1,error: Could not access blank value: Use || to provide a default value for blank fields.  Example: (my_field || 0) + 1
error: Could not access blank value: Use || to provide a default value for blank fields.  Example: (my_field || 0) + 1,error: Could not access blank value: Use || to provide a default value for blank fields.  Example: (my_field || 0) + 1,error: Could not access blank value: Use || to provide a default value for blank fields.  Example: (my_field || 0) + 1,error: Could not access blank value: Use || to provide a default value for blank fields.  Example: (my_field || 0) + 1,"[{},{},{},{},{}]",Tagchat,Ira,Grieveson,error: Could not access blank value: Use || to provide a default value for blank fields.  Example: (my_field || 0) + 1,error: Could not access blank value: Use || to provide a default value for blank fields.  Example: (my_field || 0) + 1,error: Could not access blank value: Use || to provide a default value for blank fields.  Example: (my_field || 0) + 1
error: Could not access blank value: Use || to provide a default value for blank fields.  Example: (my_field || 0) + 1,error: Could not access blank value: Use || to provide a default value for blank fields.  Example: (my_field || 0) + 1,error: Could not access blank value: Use || to provide a default value for blank fields.  Example: (my_field || 0) + 1,error: Could not access blank value: Use || to provide a default value for blank fields.  Example: (my_field || 0) + 1,"[{},{},{},{},{}]",Dynazzy,Oralia,Vicioso,error: Could not access blank value: Use || to provide a default value for blank fields.  Example: (my_field || 0) + 1,error: Could not access blank value: Use || to provide a default value for blank fields.  Example: (my_field || 0) + 1,error: Could not access blank value: Use || to provide a default value for blank fields.  Example: (my_field || 0) + 1
error: Could not access blank value: Use || to provide a default value for blank fields.  Example: (my_field || 0) + 1,error: Could not access blank value: Use || to provide a default value for blank fields.  Example: (my_field || 0) + 1,error: Could not access blank value: Use || to provide a default value for blank fields.  Example: (my_field || 0) + 1,error: Could not access blank value: Use || to provide a default value for blank fields.  Example: (my_field || 0) + 1,[{}],Skiba,Sansone,Scolland,error: Could not access blank value: Use || to provide a default value for blank fields.  Example: (my_field || 0) + 1,error: Could not access blank value: Use || to provide a default value for blank fields.  Example: (my_field || 0) + 1,error: Could not access blank value: Use || to provide a default value for blank fields.  Example: (my_field || 0) + 1
error: Could not access blank value: Use || to provide a default value for blank fields.  Example: (my_field || 0) + 1,error: Could not access blank value: Use || to provide a default value for blank fields.  Example: (my_field || 0) + 1,error: Could not access blank value: Use || to provide a default value for blank fields.  Example: (my_field || 0) + 1,error: Could not access blank value: Use || to provide a default value for blank fields.  Example: (my_field || 0) + 1,"[{},{},{},{}]",Voonder,Serge,McEllen,error: Could not access blank value: Use || to provide a default value for blank fields.  Example: (my_field || 0) + 1,error: Could not access blank value: Use || to provide a default value for blank fields.  Example: (my_field || 0) + 1,error: Could not access blank value: Use || to provide a default value for blank fields.  Example: (my_field || 0) + 1
error: Could not access blank value: Use || to provide a default value for blank fields.  Example: (my_field || 0) + 1,error: Could not access blank value: Use || to provide a default value for blank fields.  Example: (my_field || 0) + 1,error: Could not access blank value: Use || to provide a default value for blank fields.  Example: (my_field || 0) + 1,error: Could not access blank value: Use || to provide a default value for blank fields.  Example: (my_field || 0) + 1,"[{},{},{},{}]",Jamia,Aylmer,Huyge,error: Could not access blank value: Use || to provide a default value for blank fields.  Example: (my_field || 0) + 1,error: Could not access blank value: Use || to provide a default value for blank fields.  Example: (my_field || 0) + 1,error: Could not access blank value: Use || to provide a default value for blank fields.  Example: (my_field || 0) + 1
error: Could not access blank value: Use || to provide a default value for blank fields.  Example: (my_field || 0) + 1,error: Could not access blank value: Use || to provide a default value for blank fields.  Example: (my_field || 0) + 1,error: Could not access blank value: Use || to provide a default value for blank fields.  Example: (my_field || 0) + 1,error: Could not access blank value: Use || to provide a default value for blank fields.  Example: (my_field || 0) + 1,"[{},{},{},{},{}]",Devify,Bondon,Alywen,error: Could not access blank value: Use || to provide a default value for blank fields.  Example: (my_field || 0) + 1,error: Could not access blank value: Use || to provide a default value for blank fields.  Example: (my_field || 0) + 1,error: Could not access blank value: Use || to provide a default value for blank fields.  Example: (my_field || 0) + 1
error: Could not access blank value: Use || to provide a default value for blank fields.  Example: (my_field || 0) + 1,error: Could not access blank value: Use || to provide a default value for blank fields.  Example: (my_field || 0) + 1,error: Could not access blank value: Use || to provide a default value for blank fields.  Example: (my_field || 0) + 1,error: Could not access blank value: Use || to provide a default value for blank fields.  Example: (my_field || 0) + 1,[{}],Geba,Reagen,Weaben,error: Could not access blank value: Use || to provide a default value for blank fields.  Example: (my_field || 0) + 1,error: Could not access blank value: Use || to provide a default value for blank fields.  Example: (my_field || 0) + 1,error: Could not access blank value: Use || to provide a default value for blank fields.  Example: (my_field || 0) + 1
error: Could not access blank value: Use || to provide a default value for blank fields.  Example: (my_field || 0) + 1,error: Could not access blank value: Use || to provide a default value for blank fields.  Example: (my_field || 0) + 1,error: Could not access blank value: Use || to provide a default value for blank fields.  Example: (my_field || 0) + 1,error: Could not access blank value: Use || to provide a default value for blank fields.  Example: (my_field || 0) + 1,"[{},{},{},{},{}]",Centimia,Beck,Drayton,error: Could not access blank value: Use || to provide a default value for blank fields.  Example: (my_field || 0) + 1,error: Could not access blank value: Use || to provide a default value for blank fields.  Example: (my_field || 0) + 1,error: Could not access blank value: Use || to provide a default value for blank fields.  Example: (my_field || 0) + 1
error: Could not access blank value: Use || to provide a default value for blank fields.  Example: (my_field || 0) + 1,error: Could not access blank value: Use || to provide a default value for blank fields.  Example: (my_field || 0) + 1,error: Could not access blank value: Use || to provide a default value for blank fields.  Example: (my_field || 0) + 1,error: Could not access blank value: Use || to provide a default value for blank fields.  Example: (my_field || 0) + 1,"[{},{},{}]",Skinix,Jameson,Bransgrove,error: Could not access blank value: Use || to provide a default value for blank fields.  Example: (my_field || 0) + 1,error: Could not access blank value: Use || to provide a default value for blank fields.  Example: (my_field || 0) + 1,error: Could not access blank value: Use || to provide a default value for blank fields.  Example: (my_field || 0) + 1
error: Could not access blank value: Use || to provide a default value for blank fields.  Example: (my_field || 0) + 1,error: Could not access blank value: Use || to provide a default value for blank fields.  Example: (my_field || 0) + 1,error: Could not access blank value: Use || to provide a default value for blank fields.  Example: (my_field || 0) + 1,error: Could not access blank value: Use || to provide a default value for blank fields.  Example: (my_field || 0) + 1,"[{},{},{}]",Innojam,Pearla,Manolov,error: Could not access blank value: Use || to provide a default value for blank fields.  Example: (my_field || 0) + 1,error: Could not access blank value: Use || to provide a default value for blank fields.  Example: (my_field || 0) + 1,error: Could not access blank value: Use || to provide a default value for blank fields.  Example: (my_field || 0) + 1
